"","mean","se_mean","sd","2.5%","50%","97.5%","n_eff","Rhat"
"M[1]",0.0921481958840264,0.00025709727532932,0.0324352446713204,0.0298085121295094,0.0928917378539017,0.159626835065881,15916.200758452,1.00017596664744
"M[2]",0.0938921114302401,0.000261296526279828,0.0326688552921822,0.0310036524579908,0.0945575141285183,0.162196202455495,15631.4966543684,1.00004939258184
"M[3]",0.0817509949250314,0.000700196890018607,0.0975283021255769,-0.124400392443808,0.0872429190590451,0.263671489157729,19400.8595787051,1.00028845078817
"M[4]",0.00988759220742301,0.000350476811662241,0.0382968861166037,-0.0597944143887997,0.00743350867946746,0.096620815650183,11940.1105541155,1.00006444873151
"M[5]",0.0967192981242838,0.000703177105991662,0.0781893262308526,-0.0376045330454795,0.088428422152263,0.256889927520671,12364.1850517271,1.00032340014077
"M[6]",0.132854136649371,0.000532046328122631,0.0624567466278171,0.0246757282658022,0.131097398682399,0.2601805655107,13780.3362751952,1.00020184650657
"M[7]",0.0255518732745111,0.000437383606059579,0.0488990524463972,-0.0565306242564533,0.0191236207809148,0.139261614883791,12499.0177672495,1.0001846612413
"M[8]",0.190320598364184,0.000582797648863235,0.0690371878018794,0.0526525847551683,0.191254534932014,0.32319297849409,14032.3562667918,0.999970785747088
"M[9]",0.110264540062801,0.00047850348880986,0.0558574836515716,0.00525532068441437,0.108464730044189,0.226259039553323,13626.7571742723,1.00007852564078
"M[10]",-0.00121247130584945,0.000593720012618282,0.0946110092224336,-0.186703119381891,-0.00136778293668266,0.183692987390503,25393.3485762202,1.00023814258615
"M[11]",0.039132522601326,0.00159137313516504,0.0773043452264558,-0.0632782170014789,0.0117222994457198,0.218228805296708,2359.73789854143,1.00140645745732
"M[12]",-0.00340006253286451,0.000284709359993755,0.032386961817567,-0.0658757299573998,-0.0030274896522603,0.0670466921210679,12940.0790194151,1.00015717139323
"M[13]",0.0510431705027788,0.00139318899818169,0.128082252097545,-0.18103196014477,0.0417979356223747,0.307782161886767,8451.96788258375,1.00028787996173
"M[14]",0.158236940777666,0.000635284850910618,0.0771971604660792,0.00573382469007506,0.160520131619133,0.30740150350533,14766.0948446632,1.00011763084122
"SDPlus[1]",0.792886007223644,0.000899358805048024,0.137287888908635,0.503760354260878,0.80973068554022,0.991333702730289,23302.2829776374,1.00007767367644
"SDPlus[2]",0.798878540276107,0.000886415825889423,0.134687430438899,0.512210961937313,0.816719911580085,0.991783607507292,23087.6182365907,0.999994941518448
"SDPlus[3]",0.612408289918186,0.00349605276519617,0.215939027453991,0.2336291494621,0.611660035094399,0.977067399460884,3815.10350213894,1.00082709427654
"SDPlus[4]",0.310355527724025,0.000724720700638052,0.0749111384915664,0.188512167007814,0.301888605685934,0.481358048861411,10684.4325548885,1.00028558712411
"SDPlus[5]",0.771795072382138,0.00107261694693157,0.15766635380379,0.427539523310603,0.794293552105964,0.991262926743645,21606.7148138717,1.00006962642047
"SDPlus[6]",0.779027298429689,0.000979399932555464,0.150668685331006,0.454277978914553,0.801016023407634,0.990658495345066,23666.0543795037,0.999934090189984
"SDPlus[7]",0.774271379601113,0.000996806995821263,0.142114475463768,0.482913530637082,0.787584484106265,0.98874017013886,20326.1196760745,1.00015449576388
"SDPlus[8]",0.762665633988515,0.0010096660283525,0.162353460044495,0.407800950035222,0.78675914716986,0.989924543213955,25856.3732982698,1.00006477088674
"SDPlus[9]",0.809388720005213,0.000845996492983129,0.134987415849103,0.506522862367102,0.831676290986113,0.992511359952351,25459.4748623538,1.00000355498679
"SDPlus[10]",0.690521007798324,0.00136514452310787,0.176865277478413,0.349728563743806,0.694489046451098,0.980130989687284,16785.2532235326,0.999995362313018
"SDPlus[11]",0.685817821527386,0.00127646997664624,0.167521283044073,0.377698489286658,0.681622448055623,0.979967847410492,17223.3954225776,1.00012034924269
"SDPlus[12]",0.54220274127577,0.00141852075805822,0.144269610474353,0.337171477598155,0.511725949051777,0.903479073098232,10343.7574315472,1.00044444119104
"SDPlus[13]",0.335900845284039,0.00206967940751061,0.190063071802103,0.0356469707009601,0.30827175912637,0.81913263879193,8433.14040145673,1.00031429500477
"SDPlus[14]",0.737640219448858,0.00117979545015207,0.172113053535562,0.376314027026875,0.758472252082671,0.987880779544034,21282.0855865219,1.00003953523568
"SDMinus[1]",0.0377440326458183,0.00021489494093572,0.0251148839601917,0.00372029205678777,0.0333512970056679,0.0984844607380916,13658.718953749,1.00022420164939
"SDMinus[2]",0.0383197679015175,0.000219121687656158,0.0250219053602462,0.00398091624120659,0.0342216902104344,0.0990342034725069,13039.7728444145,1.00010690577715
"SDMinus[3]",0.547467115203171,0.00863061324621501,0.265514876114144,0.0175124259393824,0.571005237687217,0.970184214455809,946.442874698678,1.00245483533577
"SDMinus[4]",0.0507674840686957,0.000297550928926643,0.0321464916558915,0.00529614662709129,0.0457951217039309,0.129187767109764,11671.9802596915,1.00011449845963
"SDMinus[5]",0.140353723732495,0.000538162947879548,0.0600120150486113,0.03602178655805,0.135775057029774,0.266537628715596,12435.0871061085,1.00022394681624
"SDMinus[6]",0.127027851034628,0.000467541306621446,0.0544530108505296,0.0334703961957495,0.123522835167687,0.24377433820462,13564.501054418,1.00022640174997
"SDMinus[7]",0.071252424957599,0.000430618693018948,0.0454949701592715,0.00808278651028477,0.0625711996334647,0.182475527763089,11161.9741410982,1.00026460207835
"SDMinus[8]",0.256246731346665,0.000472353152750347,0.0567419176715876,0.150120460231164,0.254467008700936,0.372769192535197,14430.2674952508,1.00003712551431
"SDMinus[9]",0.166099460435126,0.000465241617470753,0.0524014117527731,0.0663014083183505,0.164723567174908,0.272938585617559,12686.1213445547,0.999964920061565
"SDMinus[10]",0.689702023500643,0.00135877524468828,0.177211942824085,0.352028334083825,0.695016267639274,0.981919117676011,17009.4676635044,1.00039396727718
"SDMinus[11]",0.126171005495519,0.00300265215421463,0.128499057458831,0.00525593815656199,0.0554768261365798,0.40185872360437,1831.4279455133,1.0018923250132
"SDMinus[12]",0.0407686685848564,0.000255191193419615,0.0268153579210066,0.00408574347819332,0.0364340608765718,0.105696018624283,11041.6971301597,1.00043108468253
"SDMinus[13]",0.622583899404688,0.00298992651801347,0.229540468167637,0.0907885882990876,0.638192905897365,0.979977958445148,5893.82852253976,1.00033048175471
"SDMinus[14]",0.227758554482791,0.000524887385764532,0.0647975586424298,0.106799697193876,0.225351996163802,0.361401526244805,15240.0016904918,1.0000889927269
"height[1]",91.2262203918882,0.0354541414301479,4.94643253979937,80.7054099122729,91.6236016588213,99.2491925072178,19464.8129804455,1.00008540686537
"height[2]",92.5809172567172,0.0333270914861592,4.61098589039397,82.4545888569717,93.0842873578336,99.5920922082802,19142.2400982921,1.00004129982654
"height[3]",49.8984779680007,0.275246131819832,8.33990013098756,37.9792611730226,48.2613451010315,71.9126954256097,918.077304544518,1.00196020441431
"height[4]",85.8933818118654,0.0502907095297647,6.88808718348157,71.7440305143726,86.1298155723974,98.2226668967771,18759.5209957204,1.00001154105607
"height[5]",79.1662649073604,0.0403368743845571,5.6301514468408,68.1234007868405,79.1380540582025,90.1821968061115,19482.0955533997,1.00015661583631
"height[6]",87.3213951896342,0.0407841505087402,5.60078567486693,76.0354648360409,87.4349235204267,97.7925692905124,18858.8439120795,1.00008185315035
"height[7]",87.0084201517582,0.0397469821337365,5.45985121961184,76.1496570628267,87.089445868371,97.3991356418424,18869.1917388523,1.00002470870289
"height[8]",86.871191799757,0.0451552152922106,5.58467348547903,75.7879733723957,86.9545512645773,97.4404122093155,15296.0656459046,0.999997690498219
"height[9]",92.9261610410288,0.0303974823020939,4.39655465616164,83.1770981922623,93.4478713564513,99.5320021008145,20919.4240980562,1.00003711658742
"height[10]",58.8347840555831,0.0343453730020614,4.79088766819577,49.7413185631789,58.6851140705143,68.4782447367009,19457.8791414904,1.00027845857422
"height[11]",79.1942659335858,0.102263741255399,6.98566543559893,65.5252980933753,79.2416663410497,92.8024841605563,4666.29520414581,1.00077698077876
"height[12]",87.2160776201986,0.0467682804496704,6.18323215106591,74.7889136305591,87.3936272062573,98.2634674271765,17479.471620949,1.00001942190982
"height[13]",43.9772484183951,0.0899508797215483,7.09205338470215,32.2122662849027,43.2097819237152,60.8102440221357,6216.31712515901,1.00039972367717
"height[14]",78.4776682681247,0.0440239541224674,5.79899382428683,67.2980725450193,78.3996791213486,90.1318242424781,17351.1074016049,1.0001179764607
"noise",14.6665072977996,0.00481660941264907,0.581735862125484,13.5553942116111,14.6569883604543,15.8334740973805,14587.0951178136,1.00015628603224
"predR[1,1]",0.0458396395307616,0.0808047771449416,14.9032578435758,-29.0533108279102,0.0682938654319372,29.2546258668197,34016.4005626944,1.000005147253
"predR[1,2]",-0.121141861680103,0.0747006504251773,14.6575017631482,-28.9512510799316,-0.172864299146528,28.6899555290189,38500.9232198971,1.00004739460008
"predR[1,3]",0.0493334566733366,0.0769336150996786,14.6324354998468,-28.7986260757918,0.091253932700963,28.6802131088517,36174.368315217,1.00001059501274
"predR[1,4]",-0.0069863937580398,0.0826358969493952,14.718200545496,-28.661370794021,0.0515749255774765,28.9075332004664,31722.8312949035,1.00000588431833
"predR[1,5]",0.401768376477842,0.0831090836572999,14.6988649444742,-28.2054679873168,0.391232301706267,29.3866574333449,31280.2785153197,1.00007304814358
"predR[1,6]",7.99293097663537,0.105566908027386,17.8226570024213,-24.7285977222013,7.07439388671712,46.2844664427389,28502.916146156,0.999978300175107
"predR[1,7]",88.2381751523107,0.100656336037228,16.4821903252852,54.8696441308958,88.6916168969473,119.689191582739,26813.1361925864,1.0001146725925
"predR[1,8]",90.2464415276135,0.0854136518861909,15.2428065840079,60.3441747093824,90.2280200705844,119.972280798232,31847.4963489017,1.00000327032378
"predR[1,9]",87.7464174041436,0.0886958335080235,15.4759488023174,57.3375854685283,87.9680514588213,117.623075342111,30444.4498172221,1.00003707388876
"predR[1,10]",84.0591787478778,0.0897998152958611,15.5929570484725,53.3620416741177,84.2586559027877,114.469026379133,30151.3025381221,0.99998897174289
"predR[1,11]",78.8132773652576,0.0879939033878047,15.7193166472978,47.6590595887298,78.8457043861103,109.296914439922,31912.5977542369,1.00002561699631
"predR[2,1]",-0.0140985196779594,0.0798079424092472,14.7959288069821,-28.8071794311702,-0.0762983414530259,29.2996846585729,34371.0055391886,0.999945218092945
"predR[2,2]",0.0899102796183483,0.0808235732322276,14.7790514175677,-28.6946840293051,0.13728439466276,28.9134641481472,33436.2086409583,1.00008373565832
"predR[2,3]",-0.0207062624503103,0.0891209849078894,14.813777427588,-29.3614188594288,0.0519915842756483,28.92946487407,27629.4141087276,0.999991195224088
"predR[2,4]",0.0392719736235203,0.0801668942014589,14.7947621560269,-29.0491660843674,0.0197801986899259,29.2009141538487,34058.5267652987,1.00003628678841
"predR[2,5]",0.35897336179073,0.0844419325878123,14.7831497124195,-28.8264115761076,0.353238213022475,29.562198052497,30649.0926308044,0.999971340114579
"predR[2,6]",7.97186661475773,0.107099727264006,17.622235931324,-24.4590579945421,7.25693319443713,44.3831509513879,27073.5554226651,1.00011826145071
"predR[2,7]",89.3020387728987,0.100817979943764,16.5753792899907,55.4117016209779,89.6344985845613,121.082750111401,27030.306317891,1.00001793586477
"predR[2,8]",91.4246384038802,0.0913434720652017,15.3967053674513,61.2773670381601,91.4534603042879,121.372035834247,28411.9189522931,1.00010257740011
"predR[2,9]",89.3863333259356,0.091766765968174,15.3222709682072,59.1867852031792,89.4705638558513,119.265913500176,27878.8864842008,0.999949914674928
"predR[2,10]",85.4477178336296,0.0887986692805697,15.482739328597,55.1591274702325,85.34362666408,115.836098002271,30400.6373546071,0.999971429668253
"predR[2,11]",80.3507171349542,0.0939817518054988,15.7747898748114,49.0169321982706,80.4720019761558,110.981208797322,28173.4540256371,1.00006417850649
"predR[3,1]",24.1870799566624,0.429548588429642,19.6433625393684,-16.2898565520543,25.1755779824701,60.5429154252415,2091.2553825121,1.00104579888715
"predR[3,2]",27.8781519363796,0.487324935959419,20.1369782579678,-15.2886602259289,29.4506744386619,63.989952137055,1707.46312601357,1.00132398920488
"predR[3,3]",31.6675593414194,0.534879819917637,20.5639797215904,-14.2170294597969,33.7820951424012,67.1933913591579,1478.09350216876,1.00192080360941
"predR[3,4]",35.0247485904819,0.615063529071812,21.1767818996046,-13.829898499091,37.7582799686473,70.6800412723176,1185.44108817097,1.00193784671319
"predR[3,5]",38.0846227299836,0.625966845848667,21.4038271555159,-12.0990788541882,40.884473423102,73.544840566327,1169.17684925058,1.00182988720478
"predR[3,6]",41.1390746757802,0.53408802624512,20.0537581981342,-6.53706146704822,43.2801691504306,75.3866551930905,1409.82713404066,1.00178526464274
"predR[3,7]",48.6978315246821,0.205375999747477,16.3692702549341,17.48586478321,48.4287577678681,81.923415551702,6352.71331190104,1.00043111917272
"predR[3,8]",48.3774161885706,0.235661781787507,16.6786443163664,16.4653731852334,48.0238247085075,82.1937070259949,5008.90944648588,1.00025501304955
"predR[3,9]",45.5050683248737,0.187745410277105,16.299023776415,14.1317106021125,45.1955088901562,77.8834619980007,7536.75727699705,1.00033588680733
"predR[3,10]",41.0539721331609,0.109601099813868,16.1647240737934,9.4521461460679,40.9500070032284,73.3372544228718,21752.3792814426,1.00003041921337
"predR[3,11]",35.9819607214292,0.0996819610555643,16.7191117180406,2.91616458942238,35.9868370198068,68.8498516043214,28131.5235180322,0.999975666676071
"predR[4,1]",0.0596567818469595,0.0792825250865881,14.762791733907,-28.9848663688129,-0.0328866416085529,29.3791256257369,34672.2510605809,1.00006609346593
"predR[4,2]",0.0461526029510385,0.0816226185046538,14.6428209648239,-28.4711639642294,0.00760863833094461,29.0717494227983,32183.1432652614,0.99993060598175
"predR[4,3]",0.172245018289244,0.0783981890827111,14.6253143323427,-28.5021139158603,0.141363837766776,28.8865636969954,34801.5314524344,0.999923792500145
"predR[4,4]",0.815439108900731,0.0816546185933456,14.7992619282819,-28.065274729783,0.855046329308943,29.8553387573908,32848.7315727655,1.00002594536574
"predR[4,5]",10.1372673594367,0.114801481564767,18.1860282750521,-23.5719483198118,9.43333726787284,47.6784478469969,25094.6266188789,0.999964475264482
"predR[4,6]",79.6393310812738,0.111619998810828,17.6516806988314,43.7839067481932,79.9375689862844,113.092251619994,25008.5261998948,0.999947389420355
"predR[4,7]",81.8800733239955,0.0949094673406356,16.1199302474345,50.1435802641008,81.8419926744991,113.480322075739,28847.4377220951,1.00005337737824
"predR[4,8]",69.9977868260437,0.0922063519558751,15.9470009510903,38.9689471313842,69.9489197274283,101.226491231539,29911.373807206,1.00013440254021
"predR[4,9]",53.3318431942191,0.0950276113083849,16.6358941097943,20.2987466623314,53.3644796890547,85.5738185311723,30647.3317463622,1.00005908399266
"predR[4,10]",36.6481464643103,0.118444901569321,17.6340773786585,2.2632772451565,36.5545274977422,71.3043763799383,22165.2554885688,1.00006436028507
"predR[4,11]",23.5191723826192,0.126708204073268,17.9238794895264,-10.8605922172674,23.2638472847949,59.2142575770312,20010.3442345993,1.00016656829671
"predR[5,1]",0.0569959562489042,0.0802788006686224,14.6292213783496,-28.7813920228774,0.0273738789426422,28.9179948087681,33207.8434165038,1.00015587253195
"predR[5,2]",0.668944732022352,0.0815695663315387,14.776441868604,-28.0935919424534,0.563423829203047,29.5877718115043,32815.832965482,1.00000418815497
"predR[5,3]",2.55890823010724,0.0869188646744278,14.9840283046808,-26.7712426472416,2.43788329915037,31.8512451998732,29718.6501558052,1.00003467095651
"predR[5,4]",8.87004791999092,0.102705920465334,16.442142929765,-22.8341882354633,8.68454578056197,41.5799150582599,25628.6588446768,1.00001096600863
"predR[5,5]",28.9044596367092,0.117324519189999,18.506572190492,-7.95295730276781,28.9884136783173,64.6968917264952,24881.37662479,1.00008405141486
"predR[5,6]",62.9091527397,0.131307324199795,18.8505970112261,25.5828625030773,62.9958479606347,99.4248537134752,20609.7306367194,1.00021706262851
"predR[5,7]",76.2516616389378,0.0988793743285363,16.0335741252238,44.8730191401064,76.3162933177855,107.579199461643,26293.5525737508,1.00010416886678
"predR[5,8]",77.9961949746606,0.095784363252128,15.929714128763,46.8090197025826,77.9305697883072,109.169628114604,27658.3794952807,1.00016780986294
"predR[5,9]",75.9371967964795,0.097692358735826,15.7783466351828,45.085186294326,75.9038114798387,106.83129402466,26085.6579099708,1.00003767140548
"predR[5,10]",72.412779217781,0.0928129330924088,15.7019181577941,41.8511192756101,72.2918693001471,102.971191710952,28621.2385671658,1.00005426935828
"predR[5,11]",67.979175756549,0.0944010071889123,16.0280272580465,36.4526492250501,68.0902899261044,99.1109625449315,28827.4938952073,1.00007714636385
"predR[6,1]",0.103678504241708,0.0777971132053829,14.7091722896962,-28.8855013952607,0.0483940388540974,28.9612980054484,35747.8153298543,0.999921598397081
"predR[6,2]",0.486760462695188,0.0783347005727946,14.4999363118733,-27.7925506842816,0.471189559252807,28.8796298687333,34262.8759551822,1.00008016611958
"predR[6,3]",1.1534153994933,0.0811052777036528,14.7962964260749,-27.8361685386056,1.12307140410345,30.2894421899982,33281.8773105037,0.999960390723924
"predR[6,4]",4.49034710738353,0.09051016710891,15.6617920448613,-25.8981426220841,4.27663291364292,35.5975857062888,29942.5079038587,0.999964361697441
"predR[6,5]",15.7036468890675,0.123033756496763,18.0977445616304,-18.4133671985067,15.3165758695172,52.2582853510348,21637.164150076,1.00007336407656
"predR[6,6]",50.4735489077897,0.114739919873083,19.0534877277839,12.8116229731194,50.4734279281608,88.2698049383797,27575.2770595968,0.999986213474681
"predR[6,7]",81.7581147370131,0.101522939570765,16.660219579075,48.5719717202036,81.9020030575147,114.40625371526,26929.796634992,0.99993954332816
"predR[6,8]",86.4543234170963,0.0931264850778521,15.7388029005622,55.6127816481676,86.5142430954544,116.994013128945,28562.5495240691,1.00001899598386
"predR[6,9]",85.1666466974147,0.0936041699621267,15.609435117512,54.6437490381849,85.1484184710509,115.911021948807,27808.9109068132,1.00001853948352
"predR[6,10]",81.7378580741339,0.0923535362272604,15.7051456456861,51.1477076451492,81.7036704385966,112.599837069597,28918.5742875157,0.999970685611691
"predR[6,11]",77.188766513281,0.0934863489274217,16.1110695657837,45.3673085734047,77.3122588574485,108.692088054497,29699.7195224261,1.00011259293998
"predR[7,1]",0.0501470687951901,0.0757416895355858,14.6128659742859,-28.5963494105229,0.0282786926686469,28.5453248506639,37222.0960205227,1.00013819402814
"predR[7,2]",0.126094267408659,0.0774587063398979,14.7413833907746,-28.8893290250012,0.102121397789579,29.2138909829389,36218.9623492409,1.00001367671524
"predR[7,3]",0.646736767441631,0.0801213243348345,14.8266697128746,-28.4114577511915,0.696064353436157,29.7762674439747,34244.5124808731,1.00019331322198
"predR[7,4]",2.53682336038988,0.0958570035158512,15.4703724685181,-27.0073154313172,2.31948522832607,33.4828734956438,26046.7680328694,1.0000903095969
"predR[7,5]",17.3091437626584,0.13956251593362,20.1185697335682,-20.1484601581956,16.6965238129332,58.0319887513609,20780.5302621102,1.00024028381225
"predR[7,6]",79.1791276314433,0.119630246541356,17.9471711869832,43.1116590919138,79.6525331477567,112.905441938926,22506.606353835,0.999973401930675
"predR[7,7]",86.2071273269789,0.0942065212752787,15.5721536126624,55.5611686323246,86.2405199410757,116.851645011276,27323.4430477775,0.99991624874872
"predR[7,8]",84.4057171310523,0.0904941667113537,15.3751999316065,54.0723726586216,84.4570579728098,114.584899741065,28866.9149747794,0.999985801577837
"predR[7,9]",81.1384712518213,0.0912091052164855,15.5690630280868,50.3841265917715,81.2046856490165,111.64328067642,29137.2501947522,0.999948175530944
"predR[7,10]",76.4636668196179,0.090042890130111,15.8225510791781,45.3486645746784,76.4985702681299,107.327600688148,30878.355314647,1.00001678837075
"predR[7,11]",70.7118098154669,0.0934293555557582,15.950625354501,38.7146031317728,70.7728154079246,101.671587429922,29146.655145965,0.999967224885616
"predR[8,1]",2.89675963027915,0.0820286166286115,14.887172997029,-26.0872114093592,2.96599100546546,32.1887079607594,32937.7322883141,1.00000122602682
"predR[8,2]",6.62664993334308,0.0937451411811806,15.4199772138041,-23.4597916022191,6.71580539963432,37.1012011427956,27056.3948979906,0.999982105439999
"predR[8,3]",14.1365032202714,0.0998396080867663,16.0234023168394,-17.0438931949112,14.167811767543,45.7992563699948,25757.5018180327,1.00001537406214
"predR[8,4]",26.644813272169,0.105145428299177,16.9116927240491,-6.78733645957206,26.6864836817932,59.9925482649466,25869.8177692665,1.00015044026429
"predR[8,5]",45.1482172513712,0.107333609162943,17.2498229430429,11.0826862515981,45.2009486472221,79.039192648625,25828.4186570975,1.00019304668717
"predR[8,6]",65.4733024818839,0.105166552796306,16.9635986353516,32.2945245068489,65.4414141307184,98.6435787758876,26018.4067890908,1.00004294845074
"predR[8,7]",80.5306436999931,0.0984814462128021,15.8482756157965,49.6706898615813,80.4831517015392,111.619114263953,25897.3421993015,1.00012149881297
"predR[8,8]",85.78307285142,0.0967533130115326,15.7531741352746,54.6905148104193,85.811252582232,116.500884961129,26509.6782961476,0.999960367779095
"predR[8,9]",85.6881544729927,0.0968611347018433,15.8522170148281,54.4199492210962,85.7393761177466,116.375758074409,26784.3377944473,1.00005126754159
"predR[8,10]",83.2133347485675,0.0968302009844839,15.6988809323221,52.5438916564273,83.1090019851796,113.784542277207,26285.468650439,0.999968901969386
"predR[8,11]",79.2785564291151,0.0981341865314704,16.1299107088288,47.3839809729906,79.3801598946618,110.658442408169,27016.1384264186,0.999961817224467
"predR[9,1]",0.607854466245146,0.0779044692711166,14.7249915942961,-28.3498884466541,0.538583562187759,29.3599492597982,35726.0798503485,0.999952164294329
"predR[9,2]",1.82504481470622,0.0784243246673668,14.8825802254464,-27.0256314897243,1.74241913793846,30.9601955330947,36012.6341869354,0.999940470942849
"predR[9,3]",5.53039577589442,0.0929829962598958,15.4787450339114,-24.4995757605634,5.37359570456063,36.0499997519895,27711.7798286952,1.00007055852025
"predR[9,4]",16.2503012518195,0.114963915657272,17.2754418662259,-17.4683292935949,16.1521509371156,50.35328092853,22580.5873400163,1.00004057122207
"predR[9,5]",40.3238651938925,0.119366501760402,18.5947331484451,2.46244770942968,40.6977482268776,76.0018835566576,24266.9372879652,1.00000719206093
"predR[9,6]",74.6671005499523,0.111716267990811,17.245152970257,40.7587496773121,74.7292389521371,108.345631474896,23828.75015888,1.00008461986008
"predR[9,7]",91.0233028650341,0.0885956289343,15.5664745202641,60.1663007642589,91.052247580346,121.325486169181,30871.3725814612,1.00010634299627
"predR[9,8]",92.054874745453,0.0900054944830741,15.4276673413759,61.0122611382655,92.0832003070979,122.050974560556,29380.723576452,0.999975527695213
"predR[9,9]",90.0368205894436,0.0887536034369469,15.3619305686874,59.5059933639535,90.0822286644946,120.147100832919,29958.4683890293,0.999982041763187
"predR[9,10]",86.618438112997,0.0895105775685713,15.4695561099068,56.0886864122954,86.6622198265817,116.628907724935,29868.0579469573,0.999974305497809
"predR[9,11]",81.9382920069337,0.0957808434484339,15.7140098564261,51.2267233501415,82.0881646363346,112.521862098012,26916.3847854057,0.999951259802786
"predR[10,1]",43.2588712086844,0.0960485211231878,16.5520895319929,10.3251322672973,43.3888923832443,75.4383041231733,29697.8007371077,1.00007489230747
"predR[10,2]",48.3021928142956,0.0952874244420207,16.0711680347429,16.6417211110799,48.2789931210799,79.7432966524921,28446.163840137,0.999990004173568
"predR[10,3]",52.6384653496366,0.0884897393692591,15.5475563367198,22.070493827317,52.5544250354979,83.3261075353517,30870.129147022,1.00019731648654
"predR[10,4]",55.7234080159672,0.0865106053237344,15.2802573060195,25.8747972734833,55.7018711476249,85.6584998572541,31197.703998984,1.00008439253521
"predR[10,5]",57.8319088112775,0.0895759122926216,15.2817949872558,27.7630382019415,57.8812812680734,87.4282152606202,29104.909840881,1.00013012024574
"predR[10,6]",58.371333196422,0.0901361267768417,15.2899545033286,28.3617742765684,58.351726315202,88.4373363759915,28774.9516104524,1.00018876782073
"predR[10,7]",57.6340190392783,0.0885878051011506,15.4486763580607,27.3709578310995,57.5857902480279,88.3480956571889,30411.2777034004,1.00003274457096
"predR[10,8]",55.6643728290231,0.0867091527169362,15.312288544272,25.5107445096638,55.6706611733287,86.0280825328341,31185.3285340804,1.00013850835849
"predR[10,9]",52.3693059101188,0.0879931110428609,15.6063633350429,21.7698541018932,52.2938525107821,83.1391847337485,31456.1872817535,1.00008782692147
"predR[10,10]",48.1387799096109,0.0923857556695498,15.8812354972795,16.7689325643414,48.1998614361647,79.0329153764033,29550.0718130805,1.00000271200743
"predR[10,11]",43.1217620999276,0.100792486694406,16.5644647425733,9.81357376968941,43.3851328810381,75.0549405591106,27008.3774051099,0.999919720441563
"predR[11,1]",2.89892290511188,0.128507459173298,15.6172200288324,-27.3453615372311,2.73623950634102,33.9066957354851,14768.989589115,1.00005145856431
"predR[11,2]",4.94687024591383,0.191646057101822,16.7725953446103,-26.4437306133581,4.31361108321602,39.8116062829141,7659.50601410053,1.00021905244992
"predR[11,3]",8.23771037730111,0.298497998746005,19.4526183744554,-26.1166819512767,6.61866718649328,49.7306478410762,4246.91223395351,1.00089339022357
"predR[11,4]",13.1865360035084,0.45522915663922,23.6577489107136,-25.8578916754456,9.39290495293945,62.5499821514801,2700.76437357052,1.00116335007288
"predR[11,5]",23.9771564432149,0.53502195860076,27.3858977575395,-21.1240698558447,19.9767761373475,77.1509754350805,2620.0570692316,1.00145783137852
"predR[11,6]",75.0745959887559,0.179439054776172,17.4116959167972,40.5369387950511,75.2423691241456,108.5898641222,9415.6043758862,1.00026178615604
"predR[11,7]",78.0714759453634,0.129971391417178,16.195690644542,46.6759842605393,78.0377717137799,109.914766815498,15527.5668865569,1.000182591975
"predR[11,8]",76.1956317659562,0.101670478324139,15.909739634876,44.8123918359562,76.3048151013993,107.223766865399,24487.0468017643,1.00003894785083
"predR[11,9]",72.314405194243,0.0931831939177946,15.6760308610843,41.761942448597,72.2597176268254,103.28946264847,28300.6907279181,1.00005284470962
"predR[11,10]",66.942974545626,0.0942227429493803,16.170750433024,35.0709005843213,66.9448273126345,98.9390099931031,29454.3106703028,0.999984487336122
"predR[11,11]",60.5909469501159,0.10053515952821,16.669519659339,27.0956248277924,60.7048688863968,92.9594934378564,27492.246448361,1.00005680257699
"predR[12,1]",0.0120752482880517,0.0772987993080407,14.7682725573762,-28.8578004784762,0.0254289652773609,29.0021343655757,36501.7681132119,0.999970079534853
"predR[12,2]",0.00922450774572327,0.0784434063872851,14.6465663740654,-28.7710925653981,-0.0170869204399972,28.8972699167883,34862.5186000988,0.999958068791966
"predR[12,3]",-0.0305802753131768,0.0787011019603946,14.7893504425267,-29.1990491252958,-0.0146274677135156,29.0057093404977,35313.1592721207,1.00003116352009
"predR[12,4]",0.563333872109616,0.080656475697489,14.6382147456648,-28.0923142306754,0.60915068771261,29.0627633366292,32938.0394321648,0.999975547843781
"predR[12,5]",8.40527982403381,0.115288169817697,17.6938688449282,-24.1301782934713,7.68656678866508,45.2557976307504,23554.6208393152,1.00012474745878
"predR[12,6]",83.8619799613011,0.109099458358069,16.9759610960698,49.9721784928711,84.0622761530661,116.397179263427,24211.6035295253,1.00016187506985
"predR[12,7]",85.2932323412158,0.0909339819297253,15.69400617994,54.3617518406838,85.2472812954116,116.386563295102,29786.2081934087,1.00004267662366
"predR[12,8]",80.4057102258065,0.0870873254222026,15.6241471561662,49.8760107151532,80.4121026207595,110.930303463985,32187.1656816013,1.00003412079849
"predR[12,9]",72.7101079688785,0.095434032871204,15.7906519656912,41.703632256697,72.7032224396443,103.746964951334,27377.4862606849,1.00006312699382
"predR[12,10]",63.200698174363,0.102855306383225,16.5712258009407,30.7700493579712,63.1339807347147,95.5184738943234,25957.0818037233,1.00003632959839
"predR[12,11]",53.2404431143459,0.122954346776688,18.0129878767968,17.680291229761,53.3602170954722,88.3926144608694,21462.669586123,1.00029348007276
"predR[13,1]",25.5754721185069,0.176778915347705,18.3419876117389,-12.2886281318834,26.2556739695493,59.736363818825,10765.4419081571,1.00018881889946
"predR[13,2]",29.003249664492,0.184628501559776,18.310649166359,-9.79534844149194,29.9211308534736,62.9310348419002,9835.80688391108,1.00011074722583
"predR[13,3]",32.553285963268,0.185499693022001,17.8962161804472,-5.75670643229906,33.3616725004564,65.5537931301175,9307.56427529881,1.00021368425786
"predR[13,4]",36.0573814329551,0.159515003306466,17.2715588470828,-0.433338424970951,36.7092860873996,68.4433643713769,11723.5731844617,1.00024786848039
"predR[13,5]",39.8304144885498,0.116812914708886,16.3832551946151,7.09793983969733,39.8799890270481,71.7547887613879,19670.6481915484,1.00002944469281
"predR[13,6]",41.7401825102309,0.113929093160732,16.0229399106039,10.3976914734369,41.64208114828,73.4143942763914,19779.4917062508,1.00006548867502
"predR[13,7]",41.5500287112193,0.108242533619611,16.0395786275776,10.502662472362,41.5379043797466,73.3950720666156,21957.8599770924,1.00011532477781
"predR[13,8]",38.3201198319692,0.134177038674407,16.7216008736353,6.03736797016492,38.0824605375783,71.4513096685786,15530.9957509883,1.00031256506114
"predR[13,9]",31.9752333029005,0.137824040701887,17.440907306043,-1.70393219395183,31.7764291422876,67.3479343619784,16013.5710557987,1.00010402830084
"predR[13,10]",20.8578372553734,0.11177334628128,17.0337839578047,-12.5077048974513,20.9713439930297,54.2935686934992,23224.4674029053,1.00008323096456
"predR[13,11]",13.9367134874722,0.124282543584723,17.1519418620248,-19.2646294268235,13.8300876129105,47.7559334057799,19046.1116492386,0.999954609648192
"predR[14,1]",1.98577991633781,0.0835561621748733,14.8510410941529,-26.9695601644577,1.99073463071881,31.026707830498,31590.5241182613,1.00003677800242
"predR[14,2]",4.52259946509651,0.0816615470544031,15.1037618981317,-24.7590034807279,4.39881596807307,34.4050144881736,34208.5806109566,0.999950134480153
"predR[14,3]",10.5911101349491,0.10119668154776,16.2058268633345,-20.6909911311392,10.4010263228509,42.9137976353853,25645.4218265129,1.00000359990987
"predR[14,4]",22.1383279045534,0.106591876910076,17.2005306463997,-11.6043792415507,22.0391862208109,55.9678474380658,26039.6697349536,0.999965790916591
"predR[14,5]",40.6639739416179,0.10544785845133,17.4986363805093,6.09103284935331,40.8094548986262,74.6106222024293,27538.0310466676,0.999937892708589
"predR[14,6]",61.251734358453,0.105312288774278,17.1551333616899,27.3446685288004,61.3404631428552,94.9113079213556,26535.6722311454,0.999987662636207
"predR[14,7]",74.0959922817664,0.0958156332244779,15.9335580769773,43.1346920999991,74.0657411282599,104.923942960369,27653.6707127637,0.999955382059251
"predR[14,8]",77.643523241965,0.0985462163292346,15.7658463077434,46.9264703203505,77.543582627631,108.446714594886,25594.9725796561,1.00031817267964
"predR[14,9]",76.6107248814794,0.0956788578694948,16.0790108398935,45.1311584427029,76.5396478365141,108.351484921721,28241.4305027546,1.00002843437728
"predR[14,10]",73.598394372508,0.100423503729517,16.0238826760937,42.4694797160798,73.6245887114046,105.143309008974,25460.3736918801,1.00003631998427
"predR[14,11]",69.23766064293,0.101316783107422,16.2543198232156,37.3603692307554,69.2199095778455,101.355860924421,25738.0012290702,0.999918985922218
"log_lik[1,1]",-9.02229428882054,0.00324084699182881,0.39097331402569,-9.8391880147141,-9.00396556627689,-8.30847864306103,14553.8259281327,1.00014417021709
"log_lik[1,2]",-9.10399068664158,0.0032955417485807,0.397593474990053,-9.93448425077839,-9.08543941065895,-8.37816677164959,14555.4240159326,1.00014317994973
"log_lik[1,3]",-7.60831829707002,0.00231721332141367,0.279393619904666,-8.19239869540628,-7.59505603411347,-7.09827814117389,14537.8751889608,1.00013711035309
"log_lik[1,4]",-3.60417547095162,0.00033208344775198,0.0402981762983601,-3.68200409700973,-3.60419911575233,-3.526080012573,14725.7128110414,1.00013583199004
"log_lik[1,5]",-3.62777547786976,0.000373629891409927,0.0481634762417228,-3.70467979149861,-3.62614420740435,-3.55183281560332,16616.9924507232,1.0000227013859
"log_lik[1,6]",-3.97878624392601,0.00509743632393124,0.743980257216798,-6.18956957687678,-3.66200103644163,-3.54128475549089,21301.9422596906,0.999990775184006
"log_lik[1,7]",-4.05840764335033,0.00449754534467188,0.607439991193505,-5.77079277311963,-3.86685612014861,-3.57887985436416,18241.2947067896,1.00007671964631
"log_lik[1,8]",-3.88012331182478,0.00165016798250336,0.257300904365492,-4.53896427925759,-3.81125463525312,-3.58268864959163,24312.3149155664,1.00004684633989
"log_lik[1,9]",-4.00208943756834,0.00196889527292018,0.302357321018522,-4.76088681174112,-3.93242586453958,-3.62592368107941,23582.8204692846,1.00007504026776
"log_lik[1,10]",-3.79516411249231,0.0013271374548323,0.178563435491857,-4.23297970116543,-3.74849316136153,-3.57084335673129,18103.1126435808,1.00008404843598
"log_lik[1,11]",-4.72734041626175,0.00389720224683351,0.649308741352057,-6.32583652022397,-4.59676376050491,-3.88336709623737,27758.5394044835,1.00009301880196
"log_lik[2,1]",-5.46154632142281,0.000895871775086776,0.108049343576019,-5.69037050561537,-5.45534838944427,-5.267634114322,14546.300575837,1.00014239431297
"log_lik[2,2]",-4.42585954219524,0.000214582801720969,0.0258726646322488,-4.48365448609343,-4.42320278515655,-4.38305582817623,14537.5926458199,1.00013255626611
"log_lik[2,3]",-3.79652306852432,0.000201240934577857,0.0243775301042759,-3.8457506716439,-3.79602335654198,-3.75036063422907,14673.9404320121,1.00016000571538
"log_lik[2,4]",-3.60384491817464,0.000330296070157984,0.0398724633721475,-3.68159932508016,-3.60390901827972,-3.52574383100491,14572.6764472949,1.00014611059234
"log_lik[2,5]",-3.60780475516126,0.000417687916928604,0.0535835044824556,-3.69472202954358,-3.60533332694271,-3.52644423135755,16457.2931099723,1.00004131733305
"log_lik[2,6]",-3.9743226802811,0.00485261972451127,0.729483450811155,-6.19586158660754,-3.66380481912279,-3.54098742402831,22598.4352713251,1.00011870012823
"log_lik[2,7]",-4.01106649055946,0.00447822281263938,0.603648780615034,-5.77644238170141,-3.80543615068507,-3.57114084918458,18170.0975711828,0.999942981859504
"log_lik[2,8]",-3.8126732402893,0.00138987699536086,0.216949101903898,-4.38752635916885,-3.75030504346614,-3.5719760371313,24364.8072380727,1.00001938019288
"log_lik[2,9]",-3.92135292559052,0.00171071603148242,0.26144889458904,-4.5922125894418,-3.85592192296935,-3.61035714994539,23357.0381127306,1.00000465771325
"log_lik[2,10]",-4.1544750350138,0.00232703744340642,0.364628909202445,-5.05532104057594,-4.07737756243074,-3.68959537691262,24552.4849607628,0.999964819011921
"log_lik[2,11]",-3.92676031941915,0.0020494648892237,0.345672551663712,-4.83499911199396,-3.8265862360202,-3.57879527872977,28447.8091654409,0.99992134067043
"log_lik[3,1]",-5.4440276220068,0.0670131426879864,1.81137649948141,-9.56122052287038,-4.68301025036411,-3.70734474322728,730.629977604482,1.00317907075234
"log_lik[3,2]",-4.04370473880797,0.0269694889066293,0.655975965506969,-5.66328058854978,-3.75514073157589,-3.56218103170873,591.603074406421,1.00323706276595
"log_lik[3,3]",-4.10916940418695,0.0244561417622802,0.616561228002232,-5.6161448743888,-3.87053675613266,-3.576338150137,635.589238923477,1.00296500478865
"log_lik[3,4]",-4.23127942847592,0.0215391223194512,0.58182818668796,-5.61115749350869,-4.03942847063794,-3.61040018583208,729.681790609236,1.00254155112288
"log_lik[3,5]",-6.03319050649285,0.0388843495753437,1.16149994408504,-7.99332023551061,-6.19930236642784,-3.77071920530154,892.254421566802,1.0026134778645
"log_lik[3,6]",-7.94190568772812,0.0656795232444354,1.8435563881743,-10.6936179520364,-8.2743285378153,-3.60490389424022,787.866923533423,1.00269127630925
"log_lik[3,7]",-3.9772868348736,0.00305605649321228,0.302232053197484,-4.69643804943282,-3.91650955895594,-3.59554957794034,9780.43760103218,1.00031497695278
"log_lik[3,8]",-4.80665501527577,0.0174340742916952,0.690777547517647,-6.22004053009962,-4.79810613093411,-3.63111260999149,1569.92404692042,1.00144609311822
"log_lik[3,9]",-3.83025094891189,0.00920689371579851,0.34012388090459,-4.84470367459438,-3.70351980186097,-3.55391866575289,1364.73394006528,1.00168120430898
"log_lik[3,10]",-3.72755957843575,0.00299017975552545,0.202773803364657,-4.31501817277571,-3.66357239128859,-3.54880003060433,4598.63669677629,1.00055279627696
"log_lik[3,11]",-3.7727927702179,0.00289501730221213,0.286220005524293,-4.5998440486782,-3.67606720037957,-3.55180418329977,9774.5696194547,1.00030659584746
"log_lik[4,1]",-3.60379279274055,0.000328442231771899,0.0396474860205002,-3.68112726481275,-3.60392850637178,-3.52580825979481,14571.8039737892,1.00015223680929
"log_lik[4,2]",-3.60385532819199,0.000328602990904175,0.0396616271117938,-3.68123110056603,-3.60397326489569,-3.52585897936898,14567.9361785086,1.00015254397343
"log_lik[4,3]",-3.60429235422388,0.000336097149217257,0.040459806509347,-3.68297564298676,-3.60421843962523,-3.52576865480044,14491.6536362258,1.00015794390106
"log_lik[4,4]",-3.61671023478631,0.000606001236214496,0.0796993628719403,-3.76161135345472,-3.60787060852265,-3.52740569049158,17296.6771413868,1.00011483654183
"log_lik[4,5]",-4.05446650119598,0.00532095453416994,0.777547058601142,-6.37620471483318,-3.69326513756353,-3.54389445061937,21353.755686418,1.0000545092549
"log_lik[4,6]",-4.12002533840856,0.00555841406161588,0.739058906751007,-6.27318355338923,-3.8301846707547,-3.56386769885625,17678.9439787705,1.00010012568724
"log_lik[4,7]",-4.46452760110556,0.00409027187701334,0.576832810077957,-5.84946328632386,-4.35968458053733,-3.67999156263971,19888.2036132609,0.999959261339366
"log_lik[4,8]",-4.67644021722194,0.0038468920256686,0.597326730574053,-6.08206920921061,-4.58613216311973,-3.78260610833656,24110.3717437067,1.0000388850535
"log_lik[4,9]",-3.79574482876938,0.00167908478477108,0.241671270889442,-4.46315350518324,-3.71242479798342,-3.55876889712499,20715.9473891141,1.00009783266933
"log_lik[4,10]",-6.9803030359048,0.0134341718634797,1.69026991808522,-10.7947052715683,-6.78641416591334,-4.29533035485726,15830.3429965841,1.0002594599506
"log_lik[4,11]",-5.32537415482448,0.00924975045373562,1.13266924314955,-7.86423237629148,-5.16959697491124,-3.66660465430756,14994.9900879797,1.00015314925232
"log_lik[5,1]",-3.60470649114279,0.000335212104201912,0.040477693440817,-3.68396566025214,-3.60453203118048,-3.52623073163179,14581.161809733,1.0001166860923
"log_lik[5,2]",-3.61023360914627,0.000387086275801691,0.0487871679659101,-3.70314920193242,-3.60764664711984,-3.52822945620297,15885.3091035609,1.00003030298874
"log_lik[5,3]",-3.64645784845379,0.000824808349431574,0.113582542672034,-3.95622250353699,-3.62203486486332,-3.53439168281976,18963.4379972474,0.99996811525304
"log_lik[5,4]",-3.90759139817413,0.00298844394158902,0.4191818607613,-5.09255406283954,-3.74290512150816,-3.55552380546884,19674.9997355567,1.0000312282124
"log_lik[5,5]",-3.8951533529344,0.00334503769262015,0.418719678295242,-5.2020128689076,-3.73628485388656,-3.55972567024475,15669.1237874878,1.00011001273396
"log_lik[5,6]",-4.06572930494623,0.00462176047090815,0.632882228497873,-5.83189215040417,-3.8186309163812,-3.56790539212603,18751.280645818,1.00023943913953
"log_lik[5,7]",-5.41871737253164,0.00585594566876953,0.815161427427694,-7.19841725496972,-5.35236519763338,-4.00833579151831,19377.2956177174,1.00002752339315
"log_lik[5,8]",-4.0478254282843,0.0023939909950265,0.347773682566699,-4.90498606316887,-3.9761946053961,-3.60278730891129,21103.2042941704,1.00018383790528
"log_lik[5,9]",-3.7311627103249,0.00116228349181545,0.16829212476561,-4.18925790667038,-3.67965348783295,-3.55330144541913,20965.4142695031,1.00020917077614
"log_lik[5,10]",-3.87508309609905,0.0019220486989695,0.280475783210142,-4.60136436333812,-3.79622544718388,-3.56933258874738,21294.2311711086,1.00025995876889
"log_lik[5,11]",-4.06518306453059,0.00275435619646009,0.432668841513631,-5.176032002887,-3.95452756454298,-3.58861832733809,24675.7882921124,1.00017534796466
"log_lik[6,1]",-3.60925097363816,0.000325516964053722,0.0392658785751964,-3.68602127606659,-3.60933239447544,-3.53207082338259,14550.6832139092,1.0001416539673
"log_lik[6,2]",-3.60583143076982,0.000348941442728458,0.0421066605605471,-3.68689053614892,-3.60522152464553,-3.52658237872282,14561.1774310593,1.00013505155834
"log_lik[6,3]",-3.62202679445891,0.000400671187186141,0.0511837236700447,-3.71120834364115,-3.61933292701641,-3.54111041835094,16318.7740974763,1.00011247462068
"log_lik[6,4]",-4.24580666818078,0.00227447993541724,0.297610751867377,-4.58621457623424,-4.34240239387565,-3.62475790003461,17121.1532280585,1.00018829387552
"log_lik[6,5]",-4.29170865805936,0.00603020417987866,0.840418594916047,-6.5911724506228,-3.97847961699766,-3.56470920475826,19423.4902130381,1.00013985743939
"log_lik[6,6]",-3.96302144027877,0.0038281949694661,0.548649269429662,-5.54719070888324,-3.75933506186088,-3.56155490910164,20540.050830829,1.00002791928716
"log_lik[6,7]",-3.78942545041933,0.00168758741992188,0.225868425249505,-4.40039261935725,-3.71297752706238,-3.56009013097457,17913.419210106,1.00002672891146
"log_lik[6,8]",-3.75435266254057,0.00120783511123159,0.194168505385452,-4.28251820297998,-3.69114414057205,-3.55531414916686,25842.9611599472,1.00004244293362
"log_lik[6,9]",-4.20374673386736,0.00278680086914421,0.417656693771591,-5.21580248610931,-4.12717840367597,-3.64052256034846,22460.8929420969,0.999986650584895
"log_lik[6,10]",-3.74871213851211,0.00150505896704438,0.17483866154583,-4.23576203798811,-3.69136388691869,-3.5585343342999,13494.8454490574,1.00038027196911
"log_lik[6,11]",-4.91938525253454,0.00462548511218017,0.726979458238974,-6.6457035618299,-4.80135138822994,-3.87189295152841,24701.8627330555,1.00005035901029
"log_lik[7,1]",-3.82037956237208,0.000190389571648581,0.0234783793321886,-3.86648429502124,-3.82002727772035,-3.77646019532311,15207.2230747786,1.00026304306569
"log_lik[7,2]",-3.60460611868577,0.000339579997065108,0.0411238358548886,-3.68429070904245,-3.60426697019468,-3.52588594000233,14665.7079915563,1.00008592520352
"log_lik[7,3]",-3.77124858837913,0.000347071204269648,0.0433444094498673,-3.8329857489816,-3.77782755452921,-3.64338074749443,15596.5669943449,1.00034436087384
"log_lik[7,4]",-3.74973915332103,0.000659539060238143,0.102875883335905,-3.85038567157559,-3.76155698647328,-3.58553106136384,24330.2242798143,1.00009413389734
"log_lik[7,5]",-4.194870673969,0.00617544839935584,0.855718621483157,-6.68883683707374,-3.80045047240595,-3.569663609371,19201.0496818324,1.00009464636056
"log_lik[7,6]",-4.16482355864249,0.00593373743747407,0.778310339756744,-6.3778990318241,-3.84112094925159,-3.562683988505,17204.7731041627,1.00003383910811
"log_lik[7,7]",-3.72351042621832,0.00108912193650362,0.166370190971571,-4.17746891710579,-3.6721201982675,-3.55122447739443,23334.4742026363,1.00011599052987
"log_lik[7,8]",-3.70162250267742,0.00106121818704568,0.124757649760502,-4.0458715703965,-3.66611019142934,-3.55258856354194,13820.5396398847,1.00001174308277
"log_lik[7,9]",-3.87874268849595,0.00161831329819291,0.253162449251992,-4.51897898741481,-3.81732745624511,-3.5775327683444,24472.2201889498,1.00017171205048
"log_lik[7,10]",-4.14677490713579,0.00248023198700259,0.400687477416618,-5.13163514391829,-4.06677950895485,-3.6296641623989,26099.1841153879,1.00019844496804
"log_lik[7,11]",-3.70808687121569,0.00108141707541363,0.164564380172743,-4.14160387508993,-3.66173047465962,-3.55020936801147,23157.1565289861,1.00003995772045
"log_lik[8,1]",-3.62212585528322,0.00044741629834325,0.0562562023455041,-3.7323941292604,-3.61782455474863,-3.53633521814945,15809.4667501678,1.00001566587707
"log_lik[8,2]",-3.75741893454362,0.00154006595302062,0.204758451043369,-4.32249312590955,-3.6915518504523,-3.56178771141454,17676.8563009021,1.00007703544914
"log_lik[8,3]",-3.75289473140309,0.00162270279230631,0.226732343312725,-4.40777626004027,-3.67758871853901,-3.55233828843281,19523.1093197564,1.00010266457619
"log_lik[8,4]",-4.36546984612845,0.00478088105517006,0.675901791486526,-6.10977489789382,-4.18998730138608,-3.60602480694967,19987.1705035092,1.00012518604505
"log_lik[8,5]",-3.85407128029223,0.00248728401621692,0.348337742309486,-4.80471339365445,-3.73090025885171,-3.55824333427819,19613.283568309,1.0001833946225
"log_lik[8,6]",-3.92528061200788,0.00289128170792543,0.400435933375829,-5.04538989436298,-3.78034384724952,-3.56398752220775,19181.6193026845,0.999970063577115
"log_lik[8,7]",-4.14550719996569,0.003039944596399,0.418060539471492,-5.16868536081229,-4.06150587380383,-3.60580513267023,18912.4161753568,1.0000024481662
"log_lik[8,8]",-3.72926457168039,0.00109548987613896,0.166850072207469,-4.18624143736212,-3.67752759521824,-3.55191027107643,23197.226394391,1.00004853701446
"log_lik[8,9]",-4.1606595635466,0.00298937960313728,0.409384344681223,-5.15881703729328,-4.08021125680953,-3.62136357111665,18754.2770570461,0.999986598892049
"log_lik[8,10]",-3.99221685884775,0.00253137315517813,0.351194499261513,-4.87323090064649,-3.90725229845897,-3.58030262782831,19247.8874091293,0.999997126807209
"log_lik[8,11]",-4.71267495958144,0.00477062532618471,0.674521255321889,-6.31246218379414,-4.59604245792844,-3.76535064110514,19991.2826862438,1.00000672765476
"log_lik[9,1]",-3.60682082050759,0.00034548382890432,0.0420617082112655,-3.68877579342413,-3.60615436627948,-3.52746758305425,14822.3943786219,1.00014357319335
"log_lik[9,2]",-3.62427861964886,0.000508909910243413,0.0690914442142682,-3.78458188281811,-3.6153759959317,-3.53190751550368,18431.7565383121,1.00009051520353
"log_lik[9,3]",-3.7369399136139,0.00165565741326319,0.227008700076327,-4.39509145451389,-3.65894891471499,-3.54750035682009,18799.4025512429,1.00000794587767
"log_lik[9,4]",-4.14993893033088,0.00447644730006709,0.533259329005319,-5.40027497558949,-3.97496914306845,-3.57554586118765,14190.9010451425,1.00008942629967
"log_lik[9,5]",-4.27322080294724,0.00438623254910559,0.687437623408945,-6.05543224577331,-4.06991796069918,-3.58261845694305,24563.1063165696,1.0000941220307
"log_lik[9,6]",-3.88069758863354,0.00244625700499647,0.375302480990591,-4.92543938942161,-3.74553324659849,-3.56109278093972,23537.4118302668,1.00006989594892
"log_lik[9,7]",-3.85511438477087,0.00192485762580766,0.272936469529338,-4.58300113493494,-3.77438894418175,-3.57205491949787,20106.0109734026,1.00014974520678
"log_lik[9,8]",-3.76780706676556,0.00120257856957946,0.187525975466477,-4.26854221455228,-3.71163868192242,-3.55920279845362,24316.2133889726,0.999992386139449
"log_lik[9,9]",-3.87930429338298,0.0015937628391821,0.242903166398292,-4.5019234984298,-3.815893882117,-3.59394317776977,23228.3819940034,1.0000187420196
"log_lik[9,10]",-4.07455013093968,0.00219119241195706,0.334220368228418,-4.90343721622761,-3.99974981406264,-3.65128742546652,23265.0931714577,1.00003921800518
"log_lik[9,11]",-4.43739711587705,0.00325549627407275,0.52170006866625,-5.73697732606971,-4.3266691301571,-3.76749957565232,25680.7310457774,1.0000386707958
"log_lik[10,1]",-3.8152095871934,0.00206103715243704,0.333155437871812,-4.78296004141626,-3.69401637988119,-3.55492388758955,26128.9628713454,1.00005446510574
"log_lik[10,2]",-3.69499139305507,0.00100231243438225,0.152816768780978,-4.1097316199565,-3.65336885782669,-3.54850432893681,23245.333900979,1.00003746026161
"log_lik[10,3]",-3.69339638557382,0.000924146895055121,0.126985148775123,-4.04051704403487,-3.65867384650413,-3.54828336429782,18880.9502028073,1.00021550025297
"log_lik[10,4]",-3.74130469778377,0.00118938517487013,0.16324603550732,-4.17819275095178,-3.69425246156018,-3.55664756514235,18838.2364764102,1.0002808430101
"log_lik[10,5]",-3.80794234812157,0.00148845569820384,0.201734592732293,-4.32740210231295,-3.75501960878143,-3.57044898297281,18369.1442972952,1.00031665937564
"log_lik[10,6]",-3.85641672324429,0.00168959398939876,0.225444529439185,-4.420898712957,-3.80148185021851,-3.58131611904633,17803.8813302776,1.00034061939223
"log_lik[10,7]",-3.79572534462239,0.00145379814441784,0.194922518699574,-4.29587252204638,-3.74373106084936,-3.56800355197237,17976.9416423371,1.00034423048969
"log_lik[10,8]",-3.75382517861638,0.0012337705678697,0.171131406637374,-4.20603615257816,-3.70513346396411,-3.55957464989941,19239.360338384,1.00025261092877
"log_lik[10,9]",-3.69794285880205,0.00091771175765,0.130370552146264,-4.05515915919521,-3.66154939500278,-3.54991423235553,20181.1735855353,1.00004568320244
"log_lik[10,10]",-3.69401132323754,0.000968123799340963,0.151158154684984,-4.10243449181547,-3.65378395684827,-3.54830062823841,24378.1850836863,0.999958650465253
"log_lik[10,11]",-3.82578465876376,0.00213403840303263,0.343380621314351,-4.82648992388909,-3.69869031367809,-3.55754321939478,25890.8973715807,0.999969983058944
"log_lik[11,1]",-3.68446087132074,0.00317905537801181,0.22878217848897,-4.36420235366872,-3.61889663666833,-3.52929901880144,5179.02724488945,1.00069428996684
"log_lik[11,2]",-3.81922999426435,0.00806532756179361,0.47646563129344,-5.28461027807663,-3.62446096818039,-3.52997167752431,3489.94946178661,1.00097438181381
"log_lik[11,3]",-23.6720000512751,0.121263786582449,5.38757102292231,-30.4959729154582,-25.7939366649283,-12.3088958466664,1973.89372313851,1.00178956368373
"log_lik[11,4]",-4.79167447580966,0.0425714065003446,1.89150186452579,-9.41029606252649,-3.63311384230271,-3.53085145656028,1974.13818804817,1.00161318266926
"log_lik[11,5]",-6.1596966401715,0.0751751034734851,3.23129976877022,-12.9720037118681,-4.10410752967317,-3.5474350392434,1847.59351818274,1.00186417210503
"log_lik[11,6]",-5.26340419770155,0.0190261013616521,1.14066752642181,-7.90426504737384,-4.99967245820462,-3.758659901283,3594.33492996243,1.00078076749146
"log_lik[11,7]",-4.83804315884804,0.0105078043301343,0.720702797398595,-6.55161144036385,-4.71977975584451,-3.78964690529551,4704.22907178441,1.00083815840947
"log_lik[11,8]",-5.51961791040076,0.00872382564272593,0.783024244712268,-7.25165693437879,-5.44326272033306,-4.22280712108557,8056.31547877577,1.00050799957252
"log_lik[11,9]",-4.07279559492146,0.0027859719090333,0.352165467035515,-4.93351247249466,-4.00291837057878,-3.61600549964475,15978.6494238889,1.00016382812941
"log_lik[11,10]",-6.24101611062622,0.00642263236473632,1.01620302405286,-8.59679245351552,-6.1051892596155,-4.64508098825123,25034.2646473895,0.999930089748339
"log_lik[11,11]",-4.08568316467574,0.00305092645151452,0.430399916470502,-5.14713046191695,-3.98432048374601,-3.58363330453518,19901.2740517967,0.999971464574624
"log_lik[12,1]",-3.60372101211711,0.000328561192745483,0.0396540900288864,-3.68106484589849,-3.60385577612052,-3.52572309809175,14566.1052486111,1.00015290512459
"log_lik[12,2]",-3.60374283821541,0.000329046866119734,0.0396858144250839,-3.6810902985158,-3.60385939886977,-3.52572309809175,14546.3849610457,1.00015621360223
"log_lik[12,3]",-3.60404685452648,0.000335187627588407,0.04052553452115,-3.68205667016496,-3.60396111365978,-3.52575937563879,14617.7841380834,1.00018602136411
"log_lik[12,4]",-3.61042106230985,0.000532882002104835,0.0701398159372427,-3.70332132427096,-3.60564234115823,-3.5265699085325,17324.7564885852,1.00032148171929
"log_lik[12,5]",-3.99688680762795,0.00526541159215142,0.749687258696726,-6.2377502212366,-3.66857471922425,-3.54113880575612,20271.9538692433,1.00009041026913
"log_lik[12,6]",-4.36760484339026,0.00591893621389397,0.778604182143034,-6.52245339570066,-4.15176516337417,-3.60722555236315,17303.985587786,1.00005772175923
"log_lik[12,7]",-4.18352209279485,0.0028703721209716,0.421385335393651,-5.20575563513713,-4.09823186582471,-3.63659152359824,21551.7444580512,0.999993712215913
"log_lik[12,8]",-4.57363838939371,0.00308515207146649,0.489083175482994,-5.71361014834382,-4.50204972194478,-3.83997737033886,25131.1460939261,0.999984404607096
"log_lik[12,9]",-4.0370937219694,0.0023341168869174,0.338472166110456,-4.86062425686068,-3.96904043741542,-3.60148037568411,21028.1332405175,1.00018057324829
"log_lik[12,10]",-3.76967004488125,0.00165391808774708,0.217739151004615,-4.36571264155817,-3.69421632131978,-3.55669689783308,17331.8553909889,1.00037374543736
"log_lik[12,11]",-3.88777885794786,0.00298257065491256,0.354230758333852,-4.8605888572916,-3.75343853678802,-3.5614248678015,14105.5835136365,1.00044111610137
"log_lik[13,1]",-11.2585654085314,0.0468671006640328,3.16770991650017,-19.2500055382662,-10.3442510304082,-7.24224069045942,4568.30017670779,1.00052259507259
"log_lik[13,2]",-4.8186067093746,0.00876141288558606,0.784234999384901,-6.47870302853394,-4.80146866254005,-3.62352352657032,8012.0591432801,1.00011406401954
"log_lik[13,3]",-6.31936219913489,0.0165213012005254,1.25828470680721,-8.61150000743361,-6.42873412587989,-3.62454486483508,5800.55218916267,1.00026542633221
"log_lik[13,4]",-6.81645013368441,0.0157533421164558,1.23771431218127,-9.07053980304072,-6.89165827622925,-3.73439486979175,6172.98776736392,1.00032076629092
"log_lik[13,5]",-4.72505446579267,0.00983194445307208,0.818375230288426,-6.43438499326044,-4.58724170171455,-3.80113254174723,6928.29098759326,1.00037537856563
"log_lik[13,6]",-7.74913636875956,0.0113758816348562,1.18662586546267,-10.4090943828866,-7.64395226330125,-5.76655260594454,10880.716431337,1.00025768155895
"log_lik[13,7]",-4.50603262927814,0.00532604359302635,0.55714788233707,-5.76518602957735,-4.434715134279,-3.67246234186332,10942.8774300452,1.00055244301822
"log_lik[13,8]",-7.18924942775327,0.0186343600783252,1.54376508974454,-11.1013376472049,-6.8887523504961,-4.99157549072005,6863.30762081769,1.0006024175235
"log_lik[13,9]",-9.53583621541093,0.0211997956101009,2.09372265268304,-13.9391119423431,-9.47232996269231,-5.27570142044714,9753.82492408831,1.00018903606243
"log_lik[13,10]",-4.79776819139975,0.0065334231052887,0.838995693751215,-6.70038721918984,-4.66538752644047,-3.61591393371795,16490.6546000639,1.00003570787489
"log_lik[13,11]",-4.24952580837746,0.00626967986542991,0.69458840559684,-6.06919818007404,-4.01587684654027,-3.56793913482974,12273.3841380062,1.00006151794949
"log_lik[14,1]",-3.7719504777591,0.000553234439889258,0.0740113079207326,-3.87070738926827,-3.79183329103986,-3.60165163244434,17896.8971507147,1.0000036599353
"log_lik[14,2]",-3.68362769037565,0.000582139009980446,0.0776053957502382,-3.81406792787729,-3.67866315184582,-3.55651522087539,17771.7596038602,1.00004069277486
"log_lik[14,3]",-3.97088112076939,0.0030058673094129,0.420462460694238,-5.13695422097116,-3.82953656364337,-3.57496090716422,19566.5764796952,1.00004050011233
"log_lik[14,4]",-3.89030337881896,0.00264717811459824,0.364277117779786,-4.93797139254447,-3.74627018518696,-3.56094592601192,18936.4016276035,0.999959433969693
"log_lik[14,5]",-3.82895157091366,0.00237505734193757,0.335226704550485,-4.75358450573017,-3.7116974594509,-3.5560045900955,19921.820221759,0.999959112412275
"log_lik[14,6]",-3.79102205693983,0.00191842733533066,0.268994083964747,-4.54392114522183,-3.6943101307293,-3.55461354888107,19660.5086342984,0.999958046393808
"log_lik[14,7]",-5.11891523969528,0.00505201747717485,0.723792147594922,-6.73945548430308,-5.03787072666617,-3.9472536829492,20525.7032441664,0.999988071687007
"log_lik[14,8]",-4.137711135554,0.00262441713622416,0.388105020111149,-5.06945735681999,-4.06568118988582,-3.61687140025352,21869.1946961523,1.00011123350654
"log_lik[14,9]",-3.73813647950249,0.0012114075353363,0.177220305547715,-4.22151838109606,-3.6822167684989,-3.55261966788987,21401.6087553512,1.0001228660066
"log_lik[14,10]",-3.82296808539685,0.0016919379852723,0.253319076910579,-4.49928499545031,-3.74301770507235,-3.5605003695894,22416.4539109031,1.00011935465783
"log_lik[14,11]",-4.10588080503228,0.00295615782264864,0.469310127463922,-5.3143647711601,-3.98733889315983,-3.58796495353962,25203.7184577643,1.00007464269107
"lp__",-1191.09023470551,0.13901515560389,12.7566041153216,-1217.02104902147,-1190.75092836195,-1167.08451341717,8420.65463647674,1.00006983126431
